{
  "name": "kendo-ui",
  "version": "2017.3.913+Official",
  "dependencies": {
    "jquery": ">=1.9.1 <4"
  },
  "authors": [
    "Telerik"
  ],
  "description": "Everything you need to build sites and apps with HTML5 & JavaScript",
  "main": "js/kendo.all.min.js",
  "moduleType": [
    "amd",
    "globals"
  ],
  "keywords": [
    "html5",
    "javascript",
    "jquery",
    "ui",
    "framework"
  ],
  "license": "Commercial",
  "homepage": "http://www.github.com/telerik/kendo",
  "private": true,
  "ignore": [
    "**/.*",
    "node_modules",
    "bower_components",
    "app/components",
    "test",
    "tests"
  ],
  "_release": "2017.3.913+Official",
  "_resolution": {
    "type": "version",
    "tag": "2017.3.913+Official",
    "commit": "230322033661e8d62910f23b51c4b2c408fc73cd"
  },
  "_source": "https://github.com/kendo-labs/bower-kendo-ui.git",
  "_target": "2017.3.913",
  "_originalSource": "kendo-ui"
}